Year,Examinees,Admission quota,Pecentage of exceeded examinees to admission quota
2016,15000,5335,1.811621368
2017,15000,5000,2
2018,14490,7575,0.912871287
2019,14059,8100,0.735679012
2020,14308,9000,0.589777778
2021,6625,7395,-0.104124408
2022,10103,6990,0.445350501
2023,7441,6688,0.112589713
2024,5457,7685,-0.28991542